<?xml version="1.0" encoding="UTF-8"?>
<project-private xmlns="http://www.netbeans.org/ns/project-private/1">
    <editor-bookmarks xmlns="http://www.netbeans.org/ns/editor-bookmarks/2" lastBookmarkId="1">
        <file>
            <url>src/data/str/assignment/pkg5/DataStrAssignment5.java</url>
            <bookmark id="1">
                <name/>
                <line>64</line>
                <key/>
            </bookmark>
        </file>
    </editor-bookmarks>
    <open-files xmlns="http://www.netbeans.org/ns/projectui-open-files/2">
        <group>
            <file>file:/C:/Users/Daniel/Documents/NetBeansProjects/Data%20Str%20Assignment%205/src/data/str/assignment/pkg5/DataStrAssignment5.java</file>
            <file>file:/C:/Users/Daniel/Documents/NetBeansProjects/Data%20Str%20Assignment%205/src/data/str/assignment/pkg5/PairList.java</file>
            <file>file:/C:/Users/Daniel/Documents/NetBeansProjects/Data%20Str%20Assignment%205/src/data/str/assignment/pkg5/Pair.java</file>
            <file>file:/C:/Users/Daniel/Documents/NetBeansProjects/Data%20Str%20Assignment%205/src/data/str/assignment/pkg5/PairException.java</file>
        </group>
    </open-files>
</project-private>
