<?xml version="1.0" encoding="UTF-8"?>
<project-private xmlns="http://www.netbeans.org/ns/project-private/1">
    <editor-bookmarks xmlns="http://www.netbeans.org/ns/editor-bookmarks/2" lastBookmarkId="0"/>
    <open-files xmlns="http://www.netbeans.org/ns/projectui-open-files/2">
        <group>
            <file>file:/C:/Users/Daniel/Documents/NetBeansProjects/Data%20Str%20Assignment%207/src/data/str/assignment/pkg7/DataStrAssignment7.java</file>
            <file>file:/C:/Users/Daniel/Documents/NetBeansProjects/Data%20Str%20Assignment%207/src/data/str/assignment/pkg7/Char.java</file>
            <file>file:/C:/Users/Daniel/Documents/NetBeansProjects/Data%20Str%20Assignment%207/src/data/str/assignment/pkg7/BigDecimal.java</file>
            <file>file:/C:/Users/Daniel/Documents/NetBeansProjects/Data%20Str%20Assignment%207/src/data/str/assignment/pkg7/DoublyLinked.java</file>
            <file>file:/C:/Users/Daniel/Documents/NetBeansProjects/Data%20Str%20Assignment%207/src/data/str/assignment/pkg7/Stack.java</file>
            <file>file:/C:/Users/Daniel/Documents/NetBeansProjects/Data%20Str%20Assignment%207/src/data/str/assignment/pkg7/Queue.java</file>
        </group>
    </open-files>
</project-private>
