<?xml version="1.0" encoding="UTF-8"?>
<project-private xmlns="http://www.netbeans.org/ns/project-private/1">
    <editor-bookmarks xmlns="http://www.netbeans.org/ns/editor-bookmarks/2" lastBookmarkId="0"/>
    <open-files xmlns="http://www.netbeans.org/ns/projectui-open-files/2">
        <group>
            <file>file:/C:/Users/Daniel/Documents/NetBeansProjects/Data%20Str%20Assignment%204/src/data/str/assignment/pkg4/CharException.java</file>
            <file>file:/C:/Users/Daniel/Documents/NetBeansProjects/Data%20Str%20Assignment%204/src/data/str/assignment/pkg4/DataStrAssignment4.java</file>
            <file>file:/C:/Users/Daniel/Documents/NetBeansProjects/Data%20Str%20Assignment%204/src/data/str/assignment/pkg4/BigDecimalException.java</file>
            <file>file:/C:/Users/Daniel/Documents/NetBeansProjects/Data%20Str%20Assignment%204/src/data/str/assignment/pkg4/FileReader.java</file>
            <file>file:/C:/Users/Daniel/Documents/NetBeansProjects/Data%20Str%20Assignment%204/src/data/str/assignment/pkg4/BigDecimal.java</file>
            <file>file:/C:/Users/Daniel/Documents/NetBeansProjects/Data%20Str%20Assignment%204/src/data/str/assignment/pkg4/Char.java</file>
            <file>file:/C:/Users/Daniel/Documents/NetBeansProjects/Data%20Str%20Assignment%204/src/data/str/assignment/pkg4/FileWriter.java</file>
        </group>
    </open-files>
</project-private>
