<?xml version="1.0" encoding="UTF-8"?>
<project-private xmlns="http://www.netbeans.org/ns/project-private/1">
    <editor-bookmarks xmlns="http://www.netbeans.org/ns/editor-bookmarks/2" lastBookmarkId="0"/>
    <open-files xmlns="http://www.netbeans.org/ns/projectui-open-files/2">
        <group>
            <file>file:/C:/Users/Daniel/Documents/NetBeansProjects/Data%20Str%20Assignment%208/src/data/str/assignment/pkg8/InfixToPostfix.java</file>
            <file>file:/C:/Users/Daniel/Documents/NetBeansProjects/Data%20Str%20Assignment%208/src/data/str/assignment/pkg8/Queue.java</file>
            <file>file:/C:/Users/Daniel/Documents/NetBeansProjects/Data%20Str%20Assignment%208/src/data/str/assignment/pkg8/DoublyLinked.java</file>
            <file>file:/C:/Users/Daniel/Documents/NetBeansProjects/Data%20Str%20Assignment%208/src/data/str/assignment/pkg8/DataStrAssignment8.java</file>
            <file>file:/C:/Users/Daniel/Documents/NetBeansProjects/Data%20Str%20Assignment%208/src/data/str/assignment/pkg8/RPNcalculator.java</file>
            <file>file:/C:/Users/Daniel/Documents/NetBeansProjects/Data%20Str%20Assignment%208/src/data/str/assignment/pkg8/Stack.java</file>
        </group>
    </open-files>
</project-private>
